{
  "main_items": [
    {
      "active_page": "dashboard",
      "url": "",
      "icon": "sliders",
      "text": "Dashboard"
    },
    {
      "active_page": "inventory",
      "url": "/inventory",
      "icon": "box",
      "text": "Inventory"
    },
    {
      "active_page": "orders",
      "url": "/orders",
      "icon": "shopping-cart",
      "text": "Invoices"
    },
    {
      "active_page": "customers",
      "url": "/customers",
      "icon": "user",
      "text": "Customers"
    },
    {
      "active_page": "hr",
      "url": "/hr",
      "icon": "users",
      "text": "HR"
    },
    {
      "active_page": "projects",
      "url": "/projects",
      "icon": "list",
      "text": "Projects"
    },
    {
      "active_page": "accounting",
      "url": "/accounting",
      "icon": "dollar-sign",
      "text": "Accounting"
    },
    {
      "active_page": "Purchase Requests",
      "url": "/prs",
      "icon": "dollar-sign",
      "text": "Purchase Requests"
    }
  ],
  "submenus": {
    "orders": [
      {
        "active_sub": "purchase-requests",
        "url": "/orders/purchase-requests",
        "icon": "users",
        "text": "Purchase Requests"
      },
      {
        "active_sub": "boqs",
        "url": "/orders/boqs",
        "icon": "file",
        "text": "Boqs"
      },
      {
        "active_sub": "quotations",
        "url": "/orders/quotations",
        "icon": "inbox",
        "text": "Quotations"
      }
    ],
    "accounting": [
      {
        "active_sub": "saleries",
        "url": "/accounting/saleries",
        "icon": "briefcase",
        "text": "Saleries"
      },
      {
        "active_sub": "credits",
        "url": "/accounting/credits",
        "icon": "credit-card",
        "text": "Credits"
      },
      {
        "active_sub": "stock_requests",
        "url": "/accounting/stock_requests",
        "icon": "box",
        "text": "Stock Requests"
      },
      {
        "active_sub": "buy_material",
        "url": "/accounting/buy_material",
        "icon": "package",
        "text": "Buy Material"
      },
      {
        "active_sub": "sale",
        "url": "/accounting/sale",
        "icon": "dollar-sign",
        "text": "Sales"
      },
      {
        "active_sub": "account-receiveble",
        "url": "/accounting/account-receiveble",
        "icon": "arrow-down-right",
        "text": "Account Receiveble"
      },
      {
        "active_sub": "cashbook",
        "url": "/accounting/cashbook",
        "icon": "book",
        "text": "Cash Book"
      },
      {
        "active_sub": "chequebook",
        "url": "/accounting/chequebook",
        "icon": "book",
        "text": "Cheque Book"
      },
      {
        "active_sub": "banks",
        "url": "/accounting/banks",
        "icon": "dollar-sign",
        "text": "Banks"
      },
      {
        "active_sub": "categories",
        "url": "/accounting/categories",
        "icon": "folder",
        "text": "Categories"
      }
    ]
  }
}