{
  "main_items": [
    {
      "active_page": "hr",
      "url": "/hr",
      "icon": "users",
      "text": "HR"
    },
    {
      "active_page": "projects",
      "url": "/projects",
      "icon": "list",
      "text": "Projects"
    },
    {
      "active_page": "prs",
      "url": "/prs/add",
      "icon": "package",
      "text": "Request Material"
    }
  ],
  "submenus": {
    "hr": [
      {
        "active_sub": "my-attendance",
        "url": "/hr/my-attendance",
        "icon": "clock",
        "text": "My Attendance"
      }
    ]
  }
}